Workbook

Sheet RTM
A1: Requirement ID | B1: Requirement Description | C1: Original Source | D1: Dependency / Related Requirements | E1: Status | F1: Validation Test Case ID | G1: Comments | H1: Category
A2: RQ-001 | B2: ผู้ใช้สมัครสมาชิกด้วยอีเมลและรหัสผ่านได้ | C2: User Stories #1 | D2: - | E2: Approved | F2: TC-001 | G2: ความต้องการพื้นฐานของระบบ ยืนยันกับผู้ใช้แล้วใน Sprint 2 | H2: Authentication
A3: RQ-002 | B3: ผู้ใช้สมัครสมาชิกด้วยเบอร์โทรศัพท์ได้ | C3: Interview ร้านค้า #3 | D3: RQ-001 | E3: Approved | F3: TC-002 | G3: ผู้ใช้กลุ่มร้านค้าส่วนใหญ่คุ้นกับการใช้เบอร์โทรมากกว่าอีเมล | H3: Authentication
A4: RQ-003 | B4: ระบบตรวจสอบรูปแบบอีเมลและเบอร์โทรศัพท์ 10 หลักก่อนบันทึก | C4: Security Req #1 | D4: RQ-001, RQ-002 | E4: Approved | F4: TC-003 | G4: ตรวจทั้งฝั่งแอปและฝั่ง API เพื่อกันการข้ามการตรวจสอบ | H4: Authentication
A5: RQ-004 | B5: รหัสผ่านต้องยาวอย่างน้อย 6 ตัวอักษร และเก็บในฐานข้อมูลแบบเข้ารหัส bcrypt | C5: Security Req #2 | D5: RQ-001 | E5: Approved | F5: TC-004 | G5: ห้ามเก็บรหัสผ่านเป็นข้อความธรรมดาในทุกกรณี | H5: Authentication
A6: RQ-005 | B6: ผู้ใช้เลือกบทบาทเป็นลูกค้าหรือร้านค้าได้ตอนสมัครสมาชิก | C6: User Stories #2 | D6: RQ-001 | E6: Approved | F6: TC-005 | G6: บทบาทผู้ดูแลระบบสร้างจากฐานข้อมูลเท่านั้น สมัครเองไม่ได้ | H6: Authentication
A7: RQ-006 | B7: ผู้ใช้เข้าสู่ระบบด้วยอีเมลหรือเบอร์โทรศัพท์ในช่องเดียวกันได้ | C7: User Stories #3 | D7: RQ-001, RQ-002 | E7: Approved | F7: TC-006 | G7: ระบบแยกประเภทข้อมูลที่กรอกให้เองโดยผู้ใช้ไม่ต้องเลือก | H7: Authentication
A8: RQ-007 | B8: ระบบออก JWT token พร้อมข้อมูลบทบาทหลังเข้าสู่ระบบสำเร็จ | C8: Design Decision (Sprint 4) | D8: RQ-006 | E8: Approved | F8: TC-007 | G8: อายุ token 7 วัน หมดอายุแล้วต้องเข้าสู่ระบบใหม่ | H8: Authentication
A9: RQ-008 | B9: ระบบจำสถานะการเข้าสู่ระบบไว้จนกว่าผู้ใช้จะกดออกจากระบบ | C9: User Stories #4 | D9: RQ-007 | E9: Approved | F9: TC-008 | G9: ลดความยุ่งยากของผู้ใช้ที่เปิดแอปวันละหลายครั้ง | H9: Authentication
A10: RQ-009 | B10: ผู้ใช้ขอรีเซ็ตรหัสผ่านด้วยอีเมลหรือเบอร์โทรที่ลงทะเบียนไว้ได้ | C10: User Stories #5 | D10: RQ-001, RQ-002 | E10: Approved | F10: TC-009 | G10: พบจากการทดสอบว่าเป็นปัญหาที่ผู้ใช้เจอบ่อยที่สุด | H10: Authentication
A11: RQ-010 | B11: รหัสยืนยันการรีเซ็ตรหัสผ่านมีอายุ 15 นาที และใช้ได้เพียงครั้งเดียว | C11: Security Req #3 | D11: RQ-009 | E11: Approved | F11: TC-010 | G11: เก็บในตาราง password_resets และล้างรหัสที่ใช้แล้วทันที | H11: Authentication
A12: RQ-011 | B12: ผู้ใช้แก้ไขชื่อ เบอร์โทรศัพท์ และรูปโปรไฟล์ของตนเองได้ | C12: User Stories #6 | D12: RQ-006 | E12: Approved | F12: TC-011 | G12: รูปโปรไฟล์ไม่เกิน 5 MB รองรับ jpg และ png | H12: Authentication
... A69: RQ-068 | B69: บันทึกภายในของผู้ดูแลระบบต้องไม่ถูกเปิดเผยต่อผู้ถูกแจ้ง โดยแยกจากข้อความที่ตั้งใจส่งถึงผู้ถูกแจ้ง | C69: ทีมพัฒนา — เพิ่มระหว่างพัฒนา | D69: RQ-067 | E69: Approved | F69: TC-068 | G69: ป้องกันการเปิดเผยตัวผู้แจ้ง ตรวจด้วยชุดทดสอบอัตโนมัติและรอบ SIT | H69: Report
A71: Status : Approved = ผู้ใช้ยืนยันแล้วและพัฒนาเสร็จ · In-Progress = อยู่ระหว่างพัฒนาหรือทดสอบ · Pending = ยืนยันแล้วแต่ยังไม่เริ่มพัฒนา
A72: คอลัมน์ Category เป็นคอลัมน์ที่กลุ่มเพิ่มเข้ามาเองเพื่อใช้วิเคราะห์ความครอบคลุม ไม่ได้อยู่ใน template ต้นฉบับ

Sheet Test Case Index
A1: ดัชนี Test Case ที่ใช้ตรวจสอบความต้องการ
A2: เชื่อมโยงไปยังไฟล์ G11_SIT.xlsx (System Integration Test) และ G11_UAT.xlsx (User Acceptance Test)
A4: Test Case ID | B4: Requirement ID | C4: ชื่อ Test Scenario | D4: ประเภทการทดสอบ | E4: ผลการทดสอบล่าสุด | F4: หมายเหตุ
A5: TC-001 | B5: RQ-001 | C5: ตรวจสอบว่า ผู้ใช้สมัครสมาชิกด้วยอีเมลและรหัสผ่านได้ | D5: SIT + UAT | E5: ผ่าน | F5: ทดสอบผ่านแล้วในรอบ SIT
A6: TC-002 | B6: RQ-002 | C6: ตรวจสอบว่า ผู้ใช้สมัครสมาชิกด้วยเบอร์โทรศัพท์ได้ | D6: SIT + UAT | E6: ผ่าน | F6: ทดสอบผ่านแล้วในรอบ SIT
A7: TC-003 | B7: RQ-003 | C7: ตรวจสอบว่า ระบบตรวจสอบรูปแบบอีเมลและเบอร์โทรศัพท์ 10 หลักก่อนบันทึก | D7: SIT + UAT | E7: ผ่าน | F7: ทดสอบผ่านแล้วในรอบ SIT
A8: TC-004 | B8: RQ-004 | C8: ตรวจสอบว่า รหัสผ่านต้องยาวอย่างน้อย 6 ตัวอักษร และเก็บในฐานข้อมูลแบบเข้ารหัส bcrypt | D8: SIT + UAT | E8: ผ่าน | F8: ทดสอบผ่านแล้วในรอบ SIT
A9: TC-005 | B9: RQ-005 | C9: ตรวจสอบว่า ผู้ใช้เลือกบทบาทเป็นลูกค้าหรือร้านค้าได้ตอนสมัครสมาชิก | D9: SIT + UAT | E9: ผ่าน | F9: ทดสอบผ่านแล้วในรอบ SIT
A10: TC-006 | B10: RQ-006 | C10: ตรวจสอบว่า ผู้ใช้เข้าสู่ระบบด้วยอีเมลหรือเบอร์โทรศัพท์ในช่องเดียวกันได้ | D10: SIT + UAT | E10: ผ่าน | F10: ทดสอบผ่านแล้วในรอบ SIT
A11: TC-007 | B11: RQ-007 | C11: ตรวจสอบว่า ระบบออก JWT token พร้อมข้อมูลบทบาทหลังเข้าสู่ระบบสำเร็จ | D11: SIT + UAT | E11: ผ่าน | F11: ทดสอบผ่านแล้วในรอบ SIT
A12: TC-008 | B12: RQ-008 | C12: ตรวจสอบว่า ระบบจำสถานะการเข้าสู่ระบบไว้จนกว่าผู้ใช้จะกดออกจากระบบ | D12: SIT + UAT | E12: ผ่าน | F12: ทดสอบผ่านแล้วในรอบ SIT
A13: TC-009 | B13: RQ-009 | C13: ตรวจสอบว่า ผู้ใช้ขอรีเซ็ตรหัสผ่านด้วยอีเมลหรือเบอร์โทรที่ลงทะเบียนไว้ได้ | D13: SIT + UAT | E13: ผ่าน | F13: ทดสอบผ่านแล้วในรอบ SIT
A14: TC-010 | B14: RQ-010 | C14: ตรวจสอบว่า รหัสยืนยันการรีเซ็ตรหัสผ่านมีอายุ 15 นาที และใช้ได้เพียงครั้งเดียว | D14: SIT + UAT | E14: ผ่าน | F14: ทดสอบผ่านแล้วในรอบ SIT
A15: TC-011 | B15: RQ-011 | C15: ตรวจสอบว่า ผู้ใช้แก้ไขชื่อ เบอร์โทรศัพท์ และรูปโปรไฟล์ของตนเองได้ | D15: SIT + UAT | E15: ผ่าน | F15: ทดสอบผ่านแล้วในรอบ SIT
... A72: TC-068 | B72: RQ-068 | C72: ตรวจสอบว่า บันทึกภายในของผู้ดูแลระบบต้องไม่ถูกเปิดเผยต่อผู้ถูกแจ้ง โดยแยกจากข้อความที่ตั้งใ | D72: SIT | E72: ผ่าน | F72: ทดสอบผ่านแล้วในรอบ SIT

Sheet สรุปความครอบคลุม
A1: สรุปความครอบคลุมของความต้องการ (Coverage Summary)
A2: ทุกตัวเลขในหน้านี้คำนวณอัตโนมัติจากชีต RTM
A4: จำแนกตามสถานะ
A5: สถานะ | B5: จำนวน | C5: สัดส่วน | D5: ความหมาย
A6: Approved | B6: =COUNTIF(RTM!E2:E69,A6) -> 35 | C6: =B6/$B$9 -> 0.51470588 | D6: ยืนยันกับผู้ใช้แล้วและพัฒนาเสร็จ
A7: In-Progress | B7: =COUNTIF(RTM!E2:E69,A7) -> 27 | C7: =B7/$B$9 -> 0.39705882 | D7: อยู่ระหว่างพัฒนาหรือทดสอบ
A8: Pending | B8: =COUNTIF(RTM!E2:E69,A8) -> 6 | C8: =B8/$B$9 -> 0.088235294 | D8: ยืนยันแล้วแต่ยังไม่เริ่มพัฒนา
A9: รวมทั้งหมด | B9: =COUNTA(RTM!A2:A69) -> 68 | C9: =B9/$B$9 -> 1
A11: จำแนกตามหมวดหมู่
A12: หมวดหมู่ | B12: จำนวนความต้องการ | C12: ยืนยันแล้ว (Approved) | D12: ยังไม่เสร็จ
A13: Authentication | B13: =COUNTIF(RTM!H2:H69,A13) -> 13 | C13: =COUNTIFS(RTM!H2:H69,A13,RTM!E2:E69,"Approved") -> 13 | D13: =B13-C13 -> 0
A14: Store Management | B14: =COUNTIF(RTM!H2:H69,A14) -> 6 | C14: =COUNTIFS(RTM!H2:H69,A14,RTM!E2:E69,"Approved") -> 5 | D14: =B14-C14 -> 1
A15: Food Listing | B15: =COUNTIF(RTM!H2:H69,A15) -> 6 | C15: =COUNTIFS(RTM!H2:H69,A15,RTM!E2:E69,"Approved") -> 6 | D15: =B15-C15 -> 0
A16: Search & Map | B16: =COUNTIF(RTM!H2:H69,A16) -> 7 | C16: =COUNTIFS(RTM!H2:H69,A16,RTM!E2:E69,"Approved") -> 0 | D16: =B16-C16 -> 7
A17: Reservation | B17: =COUNTIF(RTM!H2:H69,A17) -> 10 | C17: =COUNTIFS(RTM!H2:H69,A17,RTM!E2:E69,"Approved") -> 0 | D17: =B17-C17 -> 10
A18: Favorites | B18: =COUNTIF(RTM!H2:H69,A18) -> 4 | C18: =COUNTIFS(RTM!H2:H69,A18,RTM!E2:E69,"Approved") -> 0 | D18: =B18-C18 -> 4
A19: Admin Web | B19: =COUNTIF(RTM!H2:H69,A19) -> 7 | C19: =COUNTIFS(RTM!H2:H69,A19,RTM!E2:E69,"Approved") -> 0 | D19: =B19-C19 -> 7
A20: Non-functional | B20: =COUNTIF(RTM!H2:H69,A20) -> 8 | C20: =COUNTIFS(RTM!H2:H69,A20,RTM!E2:E69,"Approved") -> 4 | D20: =B20-C20 -> 4
A21: Review | B21: =COUNTIF(RTM!H2:H69,A21) -> 3 | C21: =COUNTIFS(RTM!H2:H69,A21,RTM!E2:E69,"Approved") -> 3 | D21: =B21-C21 -> 0
A22: Behavior Score | B22: =COUNTIF(RTM!H2:H69,A22) -> 1 | C22: =COUNTIFS(RTM!H2:H69,A22,RTM!E2:E69,"Approved") -> 1 | D22: =B22-C22 -> 0
A23: Report | B23: =COUNTIF(RTM!H2:H69,A23) -> 3 | C23: =COUNTIFS(RTM!H2:H69,A23,RTM!E2:E69,"Approved") -> 3 | D23: =B23-C23 -> 0
A24: รวม | B24: =SUM(B13:B23) -> 68 | C24: =SUM(C13:C23) -> 35 | D24: =SUM(D13:D23) -> 33
A26: ตัวชี้วัดการสอบกลับได้ (Traceability)
A27: ตัวชี้วัด | B27: ค่า | C27: เกณฑ์ที่ตั้งไว้ | D27: ผลการประเมิน
A28: ความต้องการที่มี Test Case รองรับ | B28: =COUNTA(RTM!F2:F69)/COUNTA(RTM!A2:A69) -> 1 | C28: 100% | D28: =IF(B28>=0.9,"ผ่านเกณฑ์","ต้องดำเนินการต่อ") -> ผ่านเกณฑ์
A29: ความต้องการที่ระบุแหล่งที่มาได้ | B29: =COUNTA(RTM!C2:C69)/COUNTA(RTM!A2:A69) -> 1 | C29: 100% | D29: =IF(B29>=0.9,"ผ่านเกณฑ์","ต้องดำเนินการต่อ") -> ผ่านเกณฑ์
A30: ความต้องการที่ผ่านการทดสอบแล้ว | B30: =COUNTIF(RTM!E2:E69,"Approved")/COUNTA(RTM!A2:A69) -> 0.51470588 | C30: ≥ 90% ก่อนส่งงาน | D30: =IF(B30>=0.9,"ผ่านเกณฑ์","ต้องดำเนินการต่อ") -> ต้องดำเนินการต่อ
A32: หมายเหตุ : สัดส่วนความต้องการที่ผ่านการทดสอบจะเพิ่มขึ้นหลังจบรอบ SIT (3 ก.ย.) และ UAT (9 ก.ย.)

Sheet คำอธิบายคอลัมน์
A1: คำอธิบายคอลัมน์และวิธีใช้เอกสารนี้
A4: คอลัมน์ | B4: ความหมาย | C4: ตัวอย่าง
A5: Requirement ID | B5: รหัสอ้างอิงของความต้องการแต่ละข้อ ไม่ซ้ำกันทั้งเอกสาร ใช้อ้างอิงข้ามไปยัง SRS, SIT และ UAT | C5: RQ-033
A6: Requirement Description | B6: คำอธิบายความต้องการแบบสั้น อ่านแล้วเข้าใจได้โดยไม่ต้องเปิดเอกสารอื่น | C6: ลูกค้าจองอาหารโดยเลือกจำนวนได้ไม่เกินจำนวนคงเหลือ
A7: Original Source | B7: แหล่งที่มาของความต้องการ ว่าได้มาจากผู้ใช้คนไหนหรือเอกสารใด ใช้สอบกลับได้เมื่อมีข้อสงสัย | C7: Interview ร้านค้า #4
A8: Dependency / Related Requirements | B8: ความต้องการอื่นที่ข้อนี้ต้องพึ่งพา ใช้ตรวจว่าถ้าแก้ข้อหนึ่งจะกระทบข้อใดบ้าง และช่วยกันความซ้ำซ้อน | C8: RQ-035
A9: Status | B9: สถานะปัจจุบันของความต้องการ มี 3 ค่า คือ Approved, In-Progress และ Pending | C9: In-Progress
A10: Validation Test Case ID | B10: รหัส Test Case ที่ใช้ตรวจสอบว่าความต้องการข้อนี้ถูกทำจริง ดูรายละเอียดในชีต Test Case Index | C10: TC-033
A11: Comments | B11: บันทึกเพิ่มเติม เช่น เหตุผลที่เกิดความต้องการนี้ ข้อจำกัด หรือสิ่งที่ยังต้องตัดสินใจ | C11: หัวใจของระบบ อยู่ระหว่างพัฒนาใน Sprint 6
A12: Category | B12: หมวดหมู่ที่กลุ่มเพิ่มเข้ามาเองเพื่อใช้วิเคราะห์ความครอบคลุม ไม่ได้อยู่ใน template ต้นฉบับ | C12: Reservation
A14: วิธีใช้เอกสารนี้
A15: • เมื่อเพิ่มความต้องการใหม่ ให้ใช้รหัสถัดจากเลขสุดท้ายเสมอ ห้ามใช้รหัสเดิมซ้ำแม้ความต้องการเดิมจะถูกยกเลิกไปแล้ว
A16: • เมื่อความต้องการข้อใดเปลี่ยน ให้ไล่ดูคอลัมน์ Dependency ว่ามีข้ออื่นอ้างถึงหรือไม่ แล้วปรับตามให้ครบ
A17: • ทุกครั้งที่เขียน Test Case ใหม่ใน G11_SIT.xlsx หรือ G11_UAT.xlsx ต้องกลับมาใส่รหัสในคอลัมน์ Validation Test Case ID ด้วย
A18: • ก่อนส่งงานแต่ละรอบ ให้เปิดชีต 'สรุปความครอบคลุม' ตรวจว่าทุกความต้องการมี Test Case และมีแหล่งที่มาครบ 100%
